Symbol,essentiality
AAAS,Essential
AAMP,Essential
AARS,Essential
AARS2,Essential
AASDHPPT,Essential
AATF,Essential
ABCB10,Essential
ABCE1,Essential
ABCF1,Essential
ABCG1,Essential
ABHD11,Essential
ABHD17A,Essential
ABT1,Essential
ACD,Essential
ACIN1,Essential
ACOT12,Essential
ACTB,Essential
ACTL6A,Essential
ACTR10,Essential
ACTR1A,Essential
ACTR1B,Essential
ACTR2,Essential
ACTR3,Essential
ACTR6,Essential
ACTR8,Essential
ADAT2,Essential
ADAT3,Essential
ADRM1,Essential
ADSL,Essential
AFG3L2,Essential
AGAP5,Essential
AGAP6,Essential
AHCTF1,Essential
AHCY,Essential
AK6,Essential
AKIRIN2,Essential
AKR7A3,Essential
ALDOA,Essential
ALG1,Essential
ALG11,Essential
ALG14,Essential
ALG1L,Essential
ALG2,Essential
ALYREF,Essential
ANAPC1,Essential
ANAPC10,Essential
ANAPC11,Essential
ANAPC13,Essential
ANAPC15,Essential
ANAPC2,Essential
ANAPC4,Essential
ANAPC5,Essential
ANKLE2,Essential
ANKRD11,Essential
ANKRD20A2,Essential
ANKRD36,Essential
ANKRD49,Essential
ANKS6,Essential
ANLN,Essential
AP2M1,Essential
AP2S1,Essential
AQP7,Essential
AQR,Essential
ARCN1,Essential
ARF4,Essential
ARFRP1,Essential
ARGFX,Essential
ARGLU1,Essential
ARHGAP11B,Essential
ARID3A,Essential
ARIH1,Essential
ARL2,Essential
ARL4D,Essential
ARMC6,Essential
ARMC7,Essential
ARPC2,Essential
ARPC3,Essential
ARPC4,Essential
ASF1B,Essential
ASNA1,Essential
ASUN,Essential
ATF4,Essential
ATL2,Essential
ATP1A1,Essential
ATP2A2,Essential
ATP5A1,Essential
ATP5B,Essential
ATP5C1,Essential
ATP5D,Essential
ATP5E,Essential
ATP5F1,Essential
ATP5G1,Essential
ATP5I,Essential
ATP5J2,Essential
ATP5L,Essential
ATP5O,Essential
ATP6V0B,Essential
ATP6V0C,Essential
ATP6V0D1,Essential
ATP6V1A,Essential
ATP6V1B2,Essential
ATP6V1C1,Essential
ATP6V1D,Essential
ATP6V1E1,Essential
ATP6V1F,Essential
ATP6V1G1,Essential
ATP6V1H,Essential
ATR,Essential
ATRIP,Essential
AURKA,Essential
AURKAIP1,Essential
AURKB,Essential
BANF1,Essential
BANP,Essential
BAP1,Essential
BARD1,Essential
BCAR1,Essential
BCAS2,Essential
BCL2L1,Essential
BCLAF1,Essential
BCS1L,Essential
BDP1,Essential
BET1,Essential
BIRC5,Essential
BMS1,Essential
BNIP1,Essential
BOLA2,Essential
BOP1,Essential
BORA,Essential
BRCA1,Essential
BRCA2,Essential
BRD4,Essential
BRD8,Essential
BRF1,Essential
BRF2,Essential
BRIP1,Essential
BRIX1,Essential
BRK1,Essential
BRMS1,Essential
BTF3,Essential
BTF3L4,Essential
BUB1,Essential
BUB1B,Essential
BUB3,Essential
BUD13,Essential
BUD31,Essential
BYSL,Essential
C10orf2,Essential
C11orf57,Essential
C12orf45,Essential
C14orf166,Essential
C14orf80,Essential
C16orf59,Essential
C16orf86,Essential
C17orf58,Essential
C17orf82,Essential
C17orf89,Essential
C17orf96,Essential
C19orf25,Essential
C19orf52,Essential
C19orf53,Essential
C1D,Essential
C1QBP,Essential
C1QTNF4,Essential
C1orf109,Essential
C1orf131,Essential
C21orf59,Essential
C2orf27A,Essential
C3orf17,Essential
C3orf38,Essential
C6orf15,Essential
C7orf26,Essential
C7orf50,Essential
C9orf114,Essential
C9orf16,Essential
C9orf78,Essential
CA5A,Essential
CACNB3,Essential
CACTIN,Essential
CADM4,Essential
CAMLG,Essential
CAP1,Essential
CAPZB,Essential
CARS,Essential
CASC5,Essential
CBLL1,Essential
CBLN1,Essential
CBWD2,Essential
CBWD3,Essential
CBWD5,Essential
CBX1,Essential
CCAR1,Essential
CCDC101,Essential
CCDC115,Essential
CCDC130,Essential
CCDC137,Essential
CCDC144A,Essential
CCDC144NL,Essential
CCDC174,Essential
CCDC59,Essential
CCDC78,Essential
CCDC84,Essential
CCDC86,Essential
CCDC94,Essential
CCNA2,Essential
CCNB1,Essential
CCND1,Essential
CCNH,Essential
CCNK,Essential
CCNL1,Essential
CCP110,Essential
CCT2,Essential
CCT3,Essential
CCT4,Essential
CCT5,Essential
CCT6A,Essential
CCT7,Essential
CCT8,Essential
CD2BP2,Essential
CD3EAP,Essential
CDAN1,Essential
CDC123,Essential
CDC16,Essential
CDC20,Essential
CDC23,Essential
CDC26,Essential
CDC27,Essential
CDC37,Essential
CDC40,Essential
CDC42,Essential
CDC45,Essential
CDC5L,Essential
CDC6,Essential
CDC7,Essential
CDC73,Essential
CDCA5,Essential
CDCA8,Essential
CDH5,Essential
CDIPT,Essential
CDK1,Essential
CDK11A,Essential
CDK2,Essential
CDK7,Essential
CDK9,Essential
CDT1,Essential
CEBPZ,Essential
CENPA,Essential
CENPC,Essential
CENPE,Essential
CENPH,Essential
CENPK,Essential
CENPN,Essential
CENPT,Essential
CENPW,Essential
CEP131,Essential
CEP152,Essential
CEP192,Essential
CEP68,Essential
CEP85,Essential
CEP97,Essential
CFAP20,Essential
CFDP1,Essential
CFL1,Essential
CHAF1A,Essential
CHAF1B,Essential
CHCHD1,Essential
CHCHD2,Essential
CHCHD4,Essential
CHD4,Essential
CHEK1,Essential
CHERP,Essential
CHMP1A,Essential
CHMP2A,Essential
CHMP3,Essential
CHMP4B,Essential
CHMP5,Essential
CHMP6,Essential
CHMP7,Essential
CHORDC1,Essential
CHTF18,Essential
CHTF8,Essential
CHTOP,Essential
CIAO1,Essential
CIAPIN1,Essential
CINP,Essential
CIRH1A,Essential
CKAP5,Essential
CLASRP,Essential
CLCC1,Essential
CLK2,Essential
CLNS1A,Essential
CLP1,Essential
CLPS,Essential
CLSPN,Essential
CLTC,Essential
CMPK1,Essential
CMTR1,Essential
CNIH4,Essential
CNN2,Essential
CNOT1,Essential
CNOT2,Essential
CNOT3,Essential
COA5,Essential
COA7,Essential
COASY,Essential
COG1,Essential
COG2,Essential
COG3,Essential
COG4,Essential
COG6,Essential
COG8,Essential
COPA,Essential
COPB1,Essential
COPB2,Essential
COPE,Essential
COPG1,Essential
COPS2,Essential
COPS3,Essential
COPS4,Essential
COPS5,Essential
COPS6,Essential
COPS8,Essential
COPZ1,Essential
COQ2,Essential
COQ4,Essential
COQ5,Essential
COX10,Essential
COX11,Essential
COX15,Essential
COX17,Essential
COX5A,Essential
COX5B,Essential
COX6A1,Essential
COX6C,Essential
COX7C,Essential
CPAMD8,Essential
CPNE7,Essential
CPOX,Essential
CPSF1,Essential
CPSF2,Essential
CPSF3,Essential
CPSF3L,Essential
CPSF4,Essential
CPSF6,Essential
CRCP,Essential
CRKL,Essential
CRLS1,Essential
CRNKL1,Essential
CS,Essential
CSE1L,Essential
CSH2,Essential
CSNK1A1,Essential
CSNK2B,Essential
CSTF1,Essential
CSTF3,Essential
CTAGE9,Essential
CTCF,Essential
CTDP1,Essential
CTNNBL1,Essential
CTPS1,Essential
CTR9,Essential
CTU2,Essential
CUL1,Essential
CUL2,Essential
CUL3,Essential
CUL7,Essential
CWC22,Essential
CWC25,Essential
CWF19L2,Essential
CXXC1,Essential
CYC1,Essential
CYCS,Essential
CYFIP1,Essential
CYP2A13,Essential
CYP4F11,Essential
CYS1,Essential
DAD1,Essential
DAP3,Essential
DARS,Essential
DBF4,Essential
DBR1,Essential
DCAF6,Essential
DCLRE1B,Essential
DCTN1,Essential
DCTN2,Essential
DCTN3,Essential
DCTN4,Essential
DCTN5,Essential
DCTN6,Essential
DDB1,Essential
DDN,Essential
DDOST,Essential
DDX1,Essential
DDX10,Essential
DDX11,Essential
DDX18,Essential
DDX19A,Essential
DDX19B,Essential
DDX20,Essential
DDX21,Essential
DDX23,Essential
DDX24,Essential
DDX27,Essential
DDX41,Essential
DDX42,Essential
DDX46,Essential
DDX47,Essential
DDX49,Essential
DDX5,Essential
DDX51,Essential
DDX52,Essential
DDX54,Essential
DDX55,Essential
DDX56,Essential
DDX59,Essential
DDX6,Essential
DENR,Essential
DERL2,Essential
DGCR14,Essential
DHDDS,Essential
DHFR,Essential
DHODH,Essential
DHPS,Essential
DHX15,Essential
DHX16,Essential
DHX33,Essential
DHX36,Essential
DHX37,Essential
DHX8,Essential
DHX9,Essential
DICER1,Essential
DIDO1,Essential
DIEXF,Essential
DIMT1,Essential
DIS3,Essential
DMAP1,Essential
DMRTA2,Essential
DNAJA1,Essential
DNAJA3,Essential
DNAJC11,Essential
DNAJC17,Essential
DNAJC8,Essential
DNAJC9,Essential
DNLZ,Essential
DNM1,Essential
DNM1L,Essential
DNM2,Essential
DNMT1,Essential
DNTTIP2,Essential
DOHH,Essential
DOLK,Essential
DONSON,Essential
DPAGT1,Essential
DPH1,Essential
DPH2,Essential
DPH3,Essential
DPH6,Essential
DPM2,Essential
DPPA2,Essential
DPPA3,Essential
DPPA5,Essential
DPY19L2,Essential
DR1,Essential
DRAP1,Essential
DRG1,Essential
DSN1,Essential
DTL,Essential
DTYMK,Essential
DUT,Essential
DYNC1H1,Essential
DYNC1I2,Essential
DYNLL1,Essential
DYNLRB1,Essential
E2F6,Essential
E4F1,Essential
EAPP,Essential
EARS2,Essential
EBNA1BP2,Essential
ECD,Essential
ECT2,Essential
EDC4,Essential
EEF1A1,Essential
EEF1B2,Essential
EEF1G,Essential
EEF2,Essential
EEFSEC,Essential
EFTUD1,Essential
EFTUD2,Essential
EGLN2,Essential
EIF1,Essential
EIF1AD,Essential
EIF2B1,Essential
EIF2B2,Essential
EIF2B3,Essential
EIF2B4,Essential
EIF2B5,Essential
EIF2S1,Essential
EIF2S2,Essential
EIF3A,Essential
EIF3B,Essential
EIF3CL,Essential
EIF3D,Essential
EIF3E,Essential
EIF3F,Essential
EIF3G,Essential
EIF3H,Essential
EIF3I,Essential
EIF3J,Essential
EIF3L,Essential
EIF3M,Essential
EIF4A1,Essential
EIF4A3,Essential
EIF4B,Essential
EIF4E,Essential
EIF4G1,Essential
EIF4G2,Essential
EIF5,Essential
EIF5A,Essential
EIF6,Essential
ELAC2,Essential
ELL,Essential
ELOVL1,Essential
ELP2,Essential
ELP3,Essential
ELP5,Essential
ELP6,Essential
EMC1,Essential
EMC3,Essential
EMC4,Essential
EMC7,Essential
ENO1,Essential
ENTHD2,Essential
EP400,Essential
EPRS,Essential
ERAL1,Essential
ERCC2,Essential
ERCC3,Essential
ERH,Essential
ERVW-1,Essential
ESF1,Essential
ESPL1,Essential
ESPN,Essential
ETF1,Essential
EWSR1,Essential
EXOC1,Essential
EXOC2,Essential
EXOC3,Essential
EXOC4,Essential
EXOC5,Essential
EXOC7,Essential
EXOC8,Essential
EXOSC1,Essential
EXOSC10,Essential
EXOSC2,Essential
EXOSC3,Essential
EXOSC4,Essential
EXOSC5,Essential
EXOSC6,Essential
EXOSC7,Essential
EXOSC8,Essential
EXOSC9,Essential
FAF2,Essential
FAM133B,Essential
FAM136A,Essential
FAM207A,Essential
FAM231A,Essential
FAM25G,Essential
FAM32A,Essential
FAM60A,Essential
FAM63A,Essential
FAM63B,Essential
FAM72B,Essential
FAM86A,Essential
FAM86B1,Essential
FAM96B,Essential
FARS2,Essential
FARSA,Essential
FARSB,Essential
FASTKD5,Essential
FAU,Essential
FBL,Essential
FBLIM1,Essential
FBXO5,Essential
FCF1,Essential
FDPS,Essential
FDXR,Essential
FEM1A,Essential
FEN1,Essential
FGFR1OP,Essential
FIP1L1,Essential
FNBP4,Essential
FNTA,Essential
FNTB,Essential
FOXD4,Essential
FOXD4L6,Essential
FOXL2,Essential
FRG2,Essential
FTSJ2,Essential
FTSJ3,Essential
FXN,Essential
GABPA,Essential
GAK,Essential
GALP,Essential
GAPDH,Essential
GAR1,Essential
GARS,Essential
GBF1,Essential
GCN1L1,Essential
GEMIN4,Essential
GEMIN5,Essential
GEMIN6,Essential
GEMIN7,Essential
GFER,Essential
GFM1,Essential
GGPS1,Essential
GGTLC2,Essential
GINS1,Essential
GINS2,Essential
GINS3,Essential
GINS4,Essential
GJA3,Essential
GLE1,Essential
GLMN,Essential
GLRX3,Essential
GLRX5,Essential
GLTSCR2,Essential
GMPPB,Essential
GMPS,Essential
GNB1L,Essential
GNB2L1,Essential
GNL2,Essential
GNL3,Essential
GNPNAT1,Essential
GOLGA6A,Essential
GOLGA6L1,Essential
GOLGA6L10,Essential
GOLGA6L6,Essential
GOLGA8K,Essential
GOLGA8N,Essential
GOLGA8R,Essential
GON4L,Essential
GOSR2,Essential
GPAT2,Essential
GPN1,Essential
GPN2,Essential
GPN3,Essential
GPR61,Essential
GPS1,Essential
GRB2,Essential
GRPEL1,Essential
GRSF1,Essential
GRWD1,Essential
GSDMA,Essential
GSPT1,Essential
GSTT2B,Essential
GTF2A1,Essential
GTF2A2,Essential
GTF2B,Essential
GTF2E1,Essential
GTF2E2,Essential
GTF2F1,Essential
GTF2F2,Essential
GTF2H1,Essential
GTF2H2,Essential
GTF2H2C,Essential
GTF2H3,Essential
GTF2H4,Essential
GTF3A,Essential
GTF3C1,Essential
GTF3C2,Essential
GTF3C3,Essential
GTF3C4,Essential
GTF3C5,Essential
GTF3C6,Essential
GTPBP4,Essential
GUK1,Essential
H2AFX,Essential
H2AFZ,Essential
H3F3A,Essential
HAMP,Essential
HAPLN2,Essential
HARS,Essential
HARS2,Essential
HAUS1,Essential
HAUS3,Essential
HAUS4,Essential
HAUS5,Essential
HAUS6,Essential
HAUS8,Essential
HAX1,Essential
HCRTR1,Essential
HDAC3,Essential
HEATR1,Essential
HECTD1,Essential
HGS,Essential
HINFP,Essential
HIRA,Essential
HIST1H2AB,Essential
HIST1H2AE,Essential
HIST1H2AI,Essential
HIST1H2BB,Essential
HIST1H2BC,Essential
HIST1H2BE,Essential
HIST1H2BI,Essential
HIST1H2BJ,Essential
HIST1H2BL,Essential
HIST1H2BM,Essential
HIST1H2BN,Essential
HIST2H2AA3,Essential
HIST2H2AC,Essential
HIST2H2BE,Essential
HIST2H2BF,Essential
HIST2H3A,Essential
HIST2H3D,Essential
HJURP,Essential
HLA-C,Essential
HMGA1,Essential
HMGB1,Essential
HMGCR,Essential
HMGCS1,Essential
HMGN2,Essential
HNRNPA0,Essential
HNRNPC,Essential
HNRNPCL1,Essential
HNRNPH1,Essential
HNRNPK,Essential
HNRNPL,Essential
HNRNPM,Essential
HNRNPR,Essential
HNRNPU,Essential
HOXC10,Essential
HS6ST1,Essential
HSCB,Essential
HSD11B1L,Essential
HSD17B12,Essential
HSF1,Essential
HSP90B1,Essential
HSPA14,Essential
HSPA5,Essential
HSPA9,Essential
HSPD1,Essential
HSPE1,Essential
HUS1,Essential
HYOU1,Essential
HYPK,Essential
IARS,Essential
IARS2,Essential
ICE1,Essential
ICE2,Essential
IFITM2,Essential
IFITM3,Essential
IGSF3,Essential
IK,Essential
IKBKAP,Essential
ILF2,Essential
ILF3,Essential
IMP3,Essential
IMP4,Essential
IMPDH2,Essential
INCENP,Essential
ING3,Essential
INO80,Essential
INO80B,Essential
INTS1,Essential
INTS10,Essential
INTS2,Essential
INTS3,Essential
INTS4,Essential
INTS5,Essential
INTS6,Essential
INTS7,Essential
INTS8,Essential
INTS9,Essential
IPO11,Essential
IPO13,Essential
IPO7,Essential
IPO9,Essential
ISCA2,Essential
ISCU,Essential
ISG20L2,Essential
ISY1,Essential
JAZF1,Essential
JMJD6,Essential
KANSL1,Essential
KANSL2,Essential
KANSL3,Essential
KARS,Essential
KAT5,Essential
KAT8,Essential
KATNB1,Essential
KCMF1,Essential
KCNA10,Essential
KDM2A,Essential
KDM8,Essential
KIAA0391,Essential
KIAA1143,Essential
KIAA1429,Essential
KIF11,Essential
KIF14,Essential
KIF18A,Essential
KIF18B,Essential
KIF20A,Essential
KIF23,Essential
KIF2C,Essential
KIN,Essential
KLC2,Essential
KLF7,Essential
KLHL11,Essential
KPNA6,Essential
KPNB1,Essential
KRI1,Essential
KRR1,Essential
KRT10,Essential
KRT17,Essential
KRT8,Essential
KRTAP4-2,Essential
KRTAP4-7,Essential
KRTAP5-7,Essential
KRTAP5-9,Essential
KTI12,Essential
KXD1,Essential
LAMTOR2,Essential
LAMTOR3,Essential
LAMTOR4,Essential
LARS,Essential
LARS2,Essential
LCE1C,Essential
LCE1E,Essential
LCN10,Essential
LENG8,Essential
LETM1,Essential
LIMS1,Essential
LIN52,Essential
LIN54,Essential
LOH12CR1,Essential
LONP1,Essential
LPA,Essential
LRPPRC,Essential
LRR1,Essential
LRRC37A3,Essential
LRRC37B,Essential
LSG1,Essential
LSM10,Essential
LSM11,Essential
LSM12,Essential
LSM2,Essential
LSM3,Essential
LSM4,Essential
LSM5,Essential
LSM6,Essential
LSM7,Essential
LSM8,Essential
LST1,Essential
LTB4R2,Essential
LTBP3,Essential
LTV1,Essential
LUC7L3,Essential
LURAP1,Essential
LYRM4,Essential
MAD2L1,Essential
MAD2L2,Essential
MAGOH,Essential
MAK16,Essential
MANF,Essential
MARS,Essential
MARS2,Essential
MASTL,Essential
MAT2A,Essential
MAU2,Essential
MAX,Essential
MBTPS1,Essential
MCL1,Essential
MCM2,Essential
MCM3,Essential
MCM3AP,Essential
MCM4,Essential
MCM5,Essential
MCM6,Essential
MCM7,Essential
MCMBP,Essential
MCRS1,Essential
MDN1,Essential
MED1,Essential
MED10,Essential
MED11,Essential
MED17,Essential
MED18,Essential
MED20,Essential
MED21,Essential
MED22,Essential
MED26,Essential
MED27,Essential
MED28,Essential
MED29,Essential
MED30,Essential
MED31,Essential
MED4,Essential
MED6,Essential
MED7,Essential
MED8,Essential
MED9,Essential
MEPCE,Essential
METAP1,Essential
METAP2,Essential
METTL1,Essential
METTL14,Essential
METTL16,Essential
METTL17,Essential
METTL23,Essential
METTL3,Essential
METTL7A,Essential
MEX3A,Essential
MFAP1,Essential
MFN2,Essential
MINOS1,Essential
MIOS,Essential
MIPEP,Essential
MIS12,Essential
MIS18A,Essential
MIS18BP1,Essential
MKRN1,Essential
MLST8,Essential
MMS19,Essential
MMS22L,Essential
MNAT1,Essential
MOB4,Essential
MOCS3,Essential
MOG,Essential
MOK,Essential
MPHOSPH10,Essential
MRE11A,Essential
MRGBP,Essential
MRPL1,Essential
MRPL10,Essential
MRPL12,Essential
MRPL13,Essential
MRPL14,Essential
MRPL15,Essential
MRPL16,Essential
MRPL17,Essential
MRPL18,Essential
MRPL19,Essential
MRPL2,Essential
MRPL20,Essential
MRPL21,Essential
MRPL22,Essential
MRPL24,Essential
MRPL27,Essential
MRPL28,Essential
MRPL3,Essential
MRPL32,Essential
MRPL33,Essential
MRPL34,Essential
MRPL35,Essential
MRPL36,Essential
MRPL37,Essential
MRPL38,Essential
MRPL39,Essential
MRPL4,Essential
MRPL40,Essential
MRPL41,Essential
MRPL43,Essential
MRPL44,Essential
MRPL45,Essential
MRPL49,Essential
MRPL50,Essential
MRPL51,Essential
MRPL53,Essential
MRPL54,Essential
MRPL55,Essential
MRPL57,Essential
MRPL9,Essential
MRPS10,Essential
MRPS11,Essential
MRPS12,Essential
MRPS14,Essential
MRPS16,Essential
MRPS18A,Essential
MRPS18B,Essential
MRPS2,Essential
MRPS21,Essential
MRPS22,Essential
MRPS23,Essential
MRPS24,Essential
MRPS25,Essential
MRPS26,Essential
MRPS27,Essential
MRPS28,Essential
MRPS31,Essential
MRPS34,Essential
MRPS35,Essential
MRPS5,Essential
MRPS6,Essential
MRPS7,Essential
MRPS9,Essential
MRTO4,Essential
MSRB1,Essential
MST1,Essential
MSTO1,Essential
MT2A,Essential
MTBP,Essential
MTG2,Essential
MTOR,Essential
MTPAP,Essential
MTRNR2L1,Essential
MTRNR2L8,Essential
MVD,Essential
MVK,Essential
MXRA7,Essential
MYBBP1A,Essential
MYBL2,Essential
MYC,Essential
MYCBP,Essential
MYO1H,Essential
MZF1,Essential
MZT1,Essential
N6AMT1,Essential
NAA15,Essential
NAA20,Essential
NAA25,Essential
NAA35,Essential
NAA50,Essential
NACA,Essential
NAE1,Essential
NAF1,Essential
NAGLU,Essential
NAPA,Essential
NAPG,Essential
NARFL,Essential
NARS,Essential
NASP,Essential
NAT10,Essential
NBAS,Essential
NBEAL1,Essential
NBPF11,Essential
NBPF15,Essential
NBPF3,Essential
NCAPD2,Essential
NCAPD3,Essential
NCAPG,Essential
NCAPG2,Essential
NCAPH,Essential
NCAPH2,Essential
NCBP1,Essential
NCBP2,Essential
NCKAP1,Essential
NCL,Essential
NCOA4,Essential
NDC1,Essential
NDC80,Essential
NDE1,Essential
NDNL2,Essential
NDOR1,Essential
NDUFA11,Essential
NDUFA2,Essential
NDUFA6,Essential
NDUFA8,Essential
NDUFAB1,Essential
NDUFAF3,Essential
NDUFAF7,Essential
NDUFB10,Essential
NDUFB3,Essential
NDUFB4,Essential
NDUFB6,Essential
NDUFB7,Essential
NDUFB8,Essential
NDUFB9,Essential
NDUFS2,Essential
NDUFS3,Essential
NDUFS5,Essential
NEDD1,Essential
NEDD8,Essential
NELFA,Essential
NELFB,Essential
NELFCD,Essential
NELFE,Essential
NEMF,Essential
NFATC2IP,Essential
NFKBIE,Essential
NFRKB,Essential
NFS1,Essential
NFYB,Essential
NFYC,Essential
NHLRC2,Essential
NHP2,Essential
NHP2L1,Essential
NIFK,Essential
NIP7,Essential
NISCH,Essential
NLE1,Essential
NMD3,Essential
NMT1,Essential
NOB1,Essential
NOC2L,Essential
NOC3L,Essential
NOC4L,Essential
NOL10,Essential
NOL11,Essential
NOL12,Essential
NOL6,Essential
NOL7,Essential
NOL8,Essential
NOL9,Essential
NOLC1,Essential
NOM1,Essential
NOMO3,Essential
NOP10,Essential
NOP14,Essential
NOP16,Essential
NOP2,Essential
NOP56,Essential
NOP58,Essential
NOP9,Essential
NOS1AP,Essential
NOTCH2NL,Essential
NPAT,Essential
NPB,Essential
NPEPPS,Essential
NPIPA1,Essential
NPIPA5,Essential
NPLOC4,Essential
NPM1,Essential
NPM3,Essential
NR2C2AP,Essential
NRBP1,Essential
NRDE2,Essential
NRF1,Essential
NSA2,Essential
NSF,Essential
NSL1,Essential
NSMCE1,Essential
NSMCE2,Essential
NSUN4,Essential
NUBP1,Essential
NUBP2,Essential
NUDC,Essential
NUDCD3,Essential
NUDT21,Essential
NUDT4,Essential
NUF2,Essential
NUFIP1,Essential
NUMA1,Essential
NUP107,Essential
NUP133,Essential
NUP153,Essential
NUP155,Essential
NUP160,Essential
NUP205,Essential
NUP214,Essential
NUP35,Essential
NUP43,Essential
NUP54,Essential
NUP62,Essential
NUP85,Essential
NUP88,Essential
NUP93,Essential
NUP98,Essential
NUS1,Essential
NUTF2,Essential
NVL,Essential
NXF1,Essential
OBFC1,Essential
OGFOD1,Essential
OIP5,Essential
OLFML3,Essential
OPA1,Essential
OR11H1,Essential
OR1D2,Essential
OR1E2,Essential
OR2A1,Essential
OR2A4,Essential
OR2T29,Essential
OR2T5,Essential
OR3A3,Essential
OR4F21,Essential
OR4F4,Essential
OR4K1,Essential
OR4N2,Essential
OR7A10,Essential
OR7A17,Essential
ORAOV1,Essential
ORC1,Essential
ORC3,Essential
ORC4,Essential
ORC5,Essential
ORC6,Essential
OSBP,Essential
OSGEP,Essential
OSTC,Essential
OTOP1,Essential
OVCA2,Essential
PABPC1,Essential
PABPN1,Essential
PAF1,Essential
PAFAH1B1,Essential
PAK1IP1,Essential
PALB2,Essential
PAM16,Essential
PARN,Essential
PARS2,Essential
PAXBP1,Essential
PC,Essential
PCBP1,Essential
PCBP2,Essential
PCF11,Essential
PCID2,Essential
PCNA,Essential
PCNXL3,Essential
PDAP1,Essential
PDCD11,Essential
PDCD2,Essential
PDCD5,Essential
PDCD6,Essential
PDCD6IP,Essential
PDCD7,Essential
PDE4DIP,Essential
PDPK1,Essential
PDRG1,Essential
PEF1,Essential
PELO,Essential
PELP1,Essential
PES1,Essential
PET117,Essential
PEX1,Essential
PFDN1,Essential
PFDN2,Essential
PFDN4,Essential
PFDN5,Essential
PFDN6,Essential
PFN1,Essential
PGAM1,Essential
PGD,Essential
PGPEP1,Essential
PGS1,Essential
PHAX,Essential
PHB,Essential
PHB2,Essential
PHF12,Essential
PHF5A,Essential
PI4KA,Essential
PIGH,Essential
PIK3C3,Essential
PIK3R4,Essential
PKM,Essential
PKMYT1,Essential
PLA2G10,Essential
PLEKHN1,Essential
PLGLB2,Essential
PLK1,Essential
PLK4,Essential
PLRG1,Essential
PMF1,Essential
PMPCA,Essential
PMPCB,Essential
PNISR,Essential
PNKP,Essential
PNN,Essential
PNO1,Essential
PNPT1,Essential
POGZ,Essential
POLA2,Essential
POLD1,Essential
POLD2,Essential
POLD3,Essential
POLE,Essential
POLE2,Essential
POLG2,Essential
POLQ,Essential
POLR1A,Essential
POLR1B,Essential
POLR1C,Essential
POLR1E,Essential
POLR2A,Essential
POLR2B,Essential
POLR2C,Essential
POLR2D,Essential
POLR2E,Essential
POLR2F,Essential
POLR2G,Essential
POLR2H,Essential
POLR2I,Essential
POLR2J,Essential
POLR2K,Essential
POLR2L,Essential
POLR3A,Essential
POLR3B,Essential
POLR3C,Essential
POLR3D,Essential
POLR3E,Essential
POLR3F,Essential
POLR3H,Essential
POLR3K,Essential
POLRMT,Essential
POP1,Essential
POP4,Essential
POP5,Essential
POP7,Essential
POT1,Essential
POTEG,Essential
POU5F1B,Essential
PPA1,Essential
PPA2,Essential
PPAN,Essential
PPARGC1B,Essential
PPIA,Essential
PPIAL4D,Essential
PPIE,Essential
PPIH,Essential
PPIL1,Essential
PPIL2,Essential
PPIL4,Essential
PPME1,Essential
PPP1CA,Essential
PPP1CB,Essential
PPP1R10,Essential
PPP1R11,Essential
PPP1R12A,Essential
PPP1R15B,Essential
PPP1R2,Essential
PPP1R7,Essential
PPP1R8,Essential
PPP2CA,Essential
PPP2R1A,Essential
PPP2R3C,Essential
PPP2R4,Essential
PPP4C,Essential
PPP4R2,Essential
PPP6C,Essential
PPRC1,Essential
PPWD1,Essential
PPY,Essential
PRAMEF17,Essential
PRAMEF5,Essential
PRAMEF6,Essential
PRC1,Essential
PRDM10,Essential
PREB,Essential
PRELID1,Essential
PRIM1,Essential
PRKRA,Essential
PRKRIP1,Essential
PRKRIR,Essential
PRMT1,Essential
PRMT5,Essential
PRODH,Essential
PRODH2,Essential
PRPF18,Essential
PRPF19,Essential
PRPF3,Essential
PRPF31,Essential
PRPF38A,Essential
PRPF38B,Essential
PRPF4,Essential
PRPF40A,Essential
PRPF4B,Essential
PRPF6,Essential
PRPF8,Essential
PRRC2A,Essential
PRSS50,Essential
PSAT1,Essential
PSMA1,Essential
PSMA2,Essential
PSMA3,Essential
PSMA4,Essential
PSMA5,Essential
PSMA6,Essential
PSMA7,Essential
PSMB1,Essential
PSMB2,Essential
PSMB3,Essential
PSMB4,Essential
PSMB5,Essential
PSMB6,Essential
PSMB7,Essential
PSMC1,Essential
PSMC2,Essential
PSMC3,Essential
PSMC4,Essential
PSMC5,Essential
PSMC6,Essential
PSMD1,Essential
PSMD11,Essential
PSMD12,Essential
PSMD13,Essential
PSMD14,Essential
PSMD2,Essential
PSMD3,Essential
PSMD4,Essential
PSMD6,Essential
PSMD7,Essential
PSMD8,Essential
PSMD9,Essential
PSME1,Essential
PSME2,Essential
PSMG1,Essential
PSMG2,Essential
PSMG3,Essential
PSMG4,Essential
PSTK,Essential
PTBP1,Essential
PTCD1,Essential
PTCD3,Essential
PTK2,Essential
PTMA,Essential
PTPMT1,Essential
PTPN23,Essential
PUF60,Essential
PWP1,Essential
PWP2,Essential
PXN,Essential
PYROXD1,Essential
QARS,Essential
QRSL1,Essential
RAB18,Essential
RAB4A,Essential
RAB6A,Essential
RABGGTA,Essential
RABGGTB,Essential
RABIF,Essential
RAC1,Essential
RAC3,Essential
RACGAP1,Essential
RAD1,Essential
RAD17,Essential
RAD21,Essential
RAD51,Essential
RAD51C,Essential
RAD51D,Essential
RAD9A,Essential
RAE1,Essential
RAN,Essential
RANBP2,Essential
RANGAP1,Essential
RARS,Essential
RARS2,Essential
RBBP4,Essential
RBBP5,Essential
RBBP6,Essential
RBBP8,Essential
RBM14,Essential
RBM17,Essential
RBM19,Essential
RBM22,Essential
RBM25,Essential
RBM28,Essential
RBM39,Essential
RBM4,Essential
RBM42,Essential
RBM48,Essential
RBM8A,Essential
RBMXL1,Essential
RBX1,Essential
RCC1,Essential
RCL1,Essential
RCOR1,Essential
REV3L,Essential
REXO2,Essential
RFC1,Essential
RFC2,Essential
RFC3,Essential
RFC4,Essential
RFC5,Essential
RFFL,Essential
RFT1,Essential
RGP1,Essential
RGPD6,Essential
RHOQ,Essential
RHPN1,Essential
RIC1,Essential
RINT1,Essential
RIOK1,Essential
RIOK2,Essential
RITA1,Essential
RMI1,Essential
RNASEH2C,Essential
RNF103,Essential
RNF123,Essential
RNF14,Essential
RNF168,Essential
RNF20,Essential
RNF4,Essential
RNF40,Essential
RNF8,Essential
RNGTT,Essential
RNMT,Essential
RNPC3,Essential
RNPS1,Essential
ROMO1,Essential
RPA1,Essential
RPA2,Essential
RPA3,Essential
RPAIN,Essential
RPAP1,Essential
RPAP2,Essential
RPAP3,Essential
RPE,Essential
RPF1,Essential
RPF2,Essential
RPL10A,Essential
RPL11,Essential
RPL12,Essential
RPL13,Essential
RPL13A,Essential
RPL14,Essential
RPL15,Essential
RPL17,Essential
RPL18,Essential
RPL18A,Essential
RPL19,Essential
RPL23,Essential
RPL23A,Essential
RPL24,Essential
RPL26,Essential
RPL26L1,Essential
RPL27,Essential
RPL27A,Essential
RPL28,Essential
RPL29,Essential
RPL3,Essential
RPL30,Essential
RPL31,Essential
RPL32,Essential
RPL34,Essential
RPL35,Essential
RPL36,Essential
RPL36AL,Essential
RPL37,Essential
RPL37A,Essential
RPL38,Essential
RPL4,Essential
RPL41,Essential
RPL5,Essential
RPL6,Essential
RPL7,Essential
RPL7A,Essential
RPL7L1,Essential
RPL8,Essential
RPL9,Essential
RPLP0,Essential
RPLP1,Essential
RPLP2,Essential
RPN1,Essential
RPN2,Essential
RPP14,Essential
RPP21,Essential
RPP30,Essential
RPP38,Essential
RPP40,Essential
RPS11,Essential
RPS12,Essential
RPS13,Essential
RPS14,Essential
RPS15,Essential
RPS15A,Essential
RPS16,Essential
RPS17,Essential
RPS18,Essential
RPS19,Essential
RPS19BP1,Essential
RPS2,Essential
RPS20,Essential
RPS21,Essential
RPS23,Essential
RPS24,Essential
RPS25,Essential
RPS27,Essential
RPS27A,Essential
RPS28,Essential
RPS29,Essential
RPS3,Essential
RPS3A,Essential
RPS5,Essential
RPS6,Essential
RPS7,Essential
RPS8,Essential
RPS9,Essential
RPSA,Essential
RPTOR,Essential
RPUSD3,Essential
RPUSD4,Essential
RQCD1,Essential
RRM1,Essential
RRM2,Essential
RRN3,Essential
RRP1,Essential
RRP12,Essential
RRP15,Essential
RRP7A,Essential
RRP9,Essential
RRS1,Essential
RSL1D1,Essential
RSL24D1,Essential
RSRC2,Essential
RTCB,Essential
RTEL1,Essential
RTF1,Essential
RTFDC1,Essential
RTTN,Essential
RUVBL1,Essential
RUVBL2,Essential
SACM1L,Essential
SAE1,Essential
SAMM50,Essential
SAP130,Essential
SAP18,Essential
SAP30BP,Essential
SARNP,Essential
SARS,Essential
SARS2,Essential
SART1,Essential
SART3,Essential
SASS6,Essential
SBDS,Essential
SBNO1,Essential
SCAP,Essential
SCD,Essential
SCFD1,Essential
SCGB1C1,Essential
SCNM1,Essential
SDAD1,Essential
SDC1,Essential
SDE2,Essential
SDHA,Essential
SDHAF1,Essential
SDHAF2,Essential
SDHC,Essential
SDHD,Essential
SEC13,Essential
SEC16A,Essential
SEC61A1,Essential
SEC61B,Essential
SEC61G,Essential
SEC62,Essential
SEC63,Essential
SEH1L,Essential
SENP6,Essential
SEPHS2,Essential
SEPSECS,Essential
SERBP1,Essential
SET,Essential
SETD1A,Essential
SETD2,Essential
SETD8,Essential
SETDB1,Essential
SF1,Essential
SF3A1,Essential
SF3A2,Essential
SF3A3,Essential
SF3B1,Essential
SF3B2,Essential
SF3B3,Essential
SF3B4,Essential
SF3B5,Essential
SF3B6,Essential
SFPQ,Essential
SFSWAP,Essential
SGOL1,Essential
SGPP1,Essential
SHFM1,Essential
SHQ1,Essential
SIGLEC14,Essential
SIN3A,Essential
SKA1,Essential
SKA3,Essential
SKIV2L2,Essential
SKP1,Essential
SKP2,Essential
SLBP,Essential
SLC16A5,Essential
SLC1A5,Essential
SLC25A10,Essential
SLC25A26,Essential
SLC25A3,Essential
SLC35B1,Essential
SLC35G6,Essential
SLC39A10,Essential
SLC39A7,Essential
SLC4A5,Essential
SLC7A5,Essential
SLC7A6OS,Essential
SLC9B1,Essential
SLMO2,Essential
SLU7,Essential
SMAGP,Essential
SMARCB1,Essential
SMARCE1,Essential
SMC2,Essential
SMC3,Essential
SMC4,Essential
SMC5,Essential
SMC6,Essential
SMG1,Essential
SMG5,Essential
SMG6,Essential
SMG8,Essential
SMN2,Essential
SMNDC1,Essential
SMU1,Essential
SMUG1,Essential
SNAPC1,Essential
SNAPC2,Essential
SNAPC3,Essential
SNAPC4,Essential
SNAPC5,Essential
SNF8,Essential
SNIP1,Essential
SNRNP200,Essential
SNRNP25,Essential
SNRNP27,Essential
SNRNP35,Essential
SNRNP40,Essential
SNRNP48,Essential
SNRNP70,Essential
SNRPA,Essential
SNRPA1,Essential
SNRPB,Essential
SNRPC,Essential
SNRPD1,Essential
SNRPD2,Essential
SNRPD3,Essential
SNRPE,Essential
SNRPF,Essential
SNRPG,Essential
SNUPN,Essential
SNW1,Essential
SOD1,Essential
SOD2,Essential
SON,Essential
SP2,Essential
SPATA31A6,Essential
SPATA5,Essential
SPATA5L1,Essential
SPC24,Essential
SPC25,Essential
SPCS2,Essential
SPCS3,Essential
SPDL1,Essential
SPDYE1,Essential
SPRTN,Essential
SPTLC1,Essential
SPTSSA,Essential
SRBD1,Essential
SRCAP,Essential
SRF,Essential
SRFBP1,Essential
SRP14,Essential
SRP19,Essential
SRP54,Essential
SRP68,Essential
SRP72,Essential
SRP9,Essential
SRPR,Essential
SRPRB,Essential
SRRM1,Essential
SRRM2,Essential
SRRT,Essential
SRSF1,Essential
SRSF10,Essential
SRSF11,Essential
SRSF2,Essential
SRSF3,Essential
SRSF6,Essential
SRSF7,Essential
SS18L2,Essential
SSBP1,Essential
SSBP3,Essential
SSRP1,Essential
SSU72,Essential
STARD7,Essential
STAT5A,Essential
STIL,Essential
STRA13,Essential
STRAP,Essential
STRIP1,Essential
STX18,Essential
STX5,Essential
SUGP1,Essential
SUGT1,Essential
SUMO2,Essential
SUPT16H,Essential
SUPT4H1,Essential
SUPT5H,Essential
SUPT6H,Essential
SUPV3L1,Essential
SURF6,Essential
SYF2,Essential
SYMPK,Essential
SYS1,Essential
SYT15,Essential
TACC3,Essential
TADA2A,Essential
TADA3,Essential
TAF10,Essential
TAF12,Essential
TAF1A,Essential
TAF1B,Essential
TAF1C,Essential
TAF1D,Essential
TAF2,Essential
TAF5,Essential
TAF6,Essential
TAF7,Essential
TAF8,Essential
TAMM41,Essential
TANGO6,Essential
TARDBP,Essential
TARS,Essential
TARS2,Essential
TBC1D28,Essential
TBC1D3B,Essential
TBC1D3C,Essential
TBC1D3H,Essential
TBCA,Essential
TBCB,Essential
TBCC,Essential
TBCD,Essential
TBCE,Essential
TBL3,Essential
TBP,Essential
TCEB1,Essential
TCEB2,Essential
TCEB3CL,Essential
TCERG1,Essential
TCOF1,Essential
TCP1,Essential
TDGF1,Essential
TEAD3,Essential
TEFM,Essential
TELO2,Essential
TEN1,Essential
TERF1,Essential
TERF2,Essential
TEX10,Essential
TFAM,Essential
TFB2M,Essential
TFDP1,Essential
TFIP11,Essential
TFRC,Essential
TGS1,Essential
THAP1,Essential
THAP11,Essential
THG1L,Essential
THOC1,Essential
THOC3,Essential
THOC5,Essential
THOC6,Essential
THOC7,Essential
TICRR,Essential
TIGD1,Essential
TIMELESS,Essential
TIMM10,Essential
TIMM13,Essential
TIMM22,Essential
TIMM23,Essential
TIMM44,Essential
TIMM9,Essential
TINF2,Essential
TIPIN,Essential
TKT,Essential
TLCD1,Essential
TLN1,Essential
TM7SF2,Essential
TMA16,Essential
TMED2,Essential
TMEM127,Essential
TMEM199,Essential
TMEM240,Essential
TMEM258,Essential
TMEM97,Essential
TMSB10,Essential
TMX2,Essential
TNNT2,Essential
TNPO3,Essential
TOE1,Essential
TOMM20,Essential
TOMM22,Essential
TOMM40,Essential
TONSL,Essential
TOP1,Essential
TOP2A,Essential
TOP3A,Essential
TOPBP1,Essential
TOR2A,Essential
TP53RK,Essential
TPI1,Essential
TPM4,Essential
TPR,Essential
TPRKB,Essential
TPT1,Essential
TPX2,Essential
TRA2B,Essential
TRAIP,Essential
TRAPPC1,Essential
TRAPPC11,Essential
TRAPPC3,Essential
TRAPPC4,Essential
TRAPPC5,Essential
TRAPPC8,Essential
TREML2,Essential
TRIAP1,Essential
TRIM49C,Essential
TRMT10C,Essential
TRMT112,Essential
TRMT5,Essential
TRMT6,Essential
TRNP1,Essential
TRNT1,Essential
TRPM7,Essential
TRRAP,Essential
TSC22D2,Essential
TSEN2,Essential
TSEN34,Essential
TSEN54,Essential
TSFM,Essential
TSG101,Essential
TSPYL5,Essential
TSR1,Essential
TSSK3,Essential
TTC1,Essential
TTC27,Essential
TTC4,Essential
TTF2,Essential
TTI1,Essential
TTI2,Essential
TTK,Essential
TUBA1B,Essential
TUBA1C,Essential
TUBA3D,Essential
TUBB,Essential
TUBB8,Essential
TUBD1,Essential
TUBE1,Essential
TUBG1,Essential
TUBGCP2,Essential
TUBGCP3,Essential
TUBGCP4,Essential
TUBGCP5,Essential
TUBGCP6,Essential
TULP1,Essential
TUT1,Essential
TVP23C,Essential
TWF1,Essential
TWISTNB,Essential
TXN,Essential
TXNL4A,Essential
TXNL4B,Essential
TYW1B,Essential
U2AF1,Essential
U2AF2,Essential
U2SURP,Essential
UBA2,Essential
UBA3,Essential
UBA5,Essential
UBA52,Essential
UBAP1,Essential
UBC,Essential
UBE2D3,Essential
UBE2H,Essential
UBE2I,Essential
UBE2L3,Essential
UBE2M,Essential
UBE2N,Essential
UBE2O,Essential
UBE2Z,Essential
UBL5,Essential
UBQLN4,Essential
UBR4,Essential
UBR5,Essential
UBTF,Essential
UFD1L,Essential
UFL1,Essential
UFM1,Essential
UNC45A,Essential
UNC50,Essential
UPF1,Essential
UPF2,Essential
UPF3A,Essential
UQCC2,Essential
UQCRB,Essential
UQCRC1,Essential
UQCRC2,Essential
UQCRFS1,Essential
UQCRH,Essential
UQCRQ,Essential
URB1,Essential
URB2,Essential
URI1,Essential
URM1,Essential
UROD,Essential
USF2,Essential
USH1G,Essential
USP10,Essential
USP17L5,Essential
USP19,Essential
USP36,Essential
USP37,Essential
USP39,Essential
USP5,Essential
USP7,Essential
USP8,Essential
USPL1,Essential
UTP11L,Essential
UTP15,Essential
UTP18,Essential
UTP20,Essential
UTP23,Essential
UTP3,Essential
UTP6,Essential
UXS1,Essential
VARS,Essential
VARS2,Essential
VCP,Essential
VDAC1,Essential
VEZT,Essential
VHL,Essential
VMP1,Essential
VPS13D,Essential
VPS18,Essential
VPS25,Essential
VPS28,Essential
VPS29,Essential
VPS33A,Essential
VPS35,Essential
VPS37A,Essential
VPS37C,Essential
VPS41,Essential
VPS51,Essential
VPS72,Essential
VWA9,Essential
WAC,Essential
WARS,Essential
WBP1,Essential
WBP11,Essential
WBP1L,Essential
WBSCR16,Essential
WBSCR22,Essential
WDHD1,Essential
WDR1,Essential
WDR12,Essential
WDR18,Essential
WDR24,Essential
WDR25,Essential
WDR26,Essential
WDR3,Essential
WDR33,Essential
WDR4,Essential
WDR43,Essential
WDR46,Essential
WDR5,Essential
WDR54,Essential
WDR55,Essential
WDR61,Essential
WDR7,Essential
WDR70,Essential
WDR74,Essential
WDR75,Essential
WDR77,Essential
WDR82,Essential
WDR83OS,Essential
WDR92,Essential
WDTC1,Essential
WEE1,Essential
WIBG,Essential
WNK1,Essential
WRB,Essential
WTAP,Essential
XAB2,Essential
XPO1,Essential
XPO5,Essential
XRCC1,Essential
XRCC2,Essential
XRCC3,Essential
XRCC5,Essential
XRCC6,Essential
XRN1,Essential
XRN2,Essential
XYLT2,Essential
YAE1D1,Essential
YARS,Essential
YARS2,Essential
YBX1,Essential
YEATS2,Essential
YEATS4,Essential
YJEFN3,Essential
YKT6,Essential
YPEL1,Essential
YPEL5,Essential
YRDC,Essential
YTHDC1,Essential
YY1,Essential
ZBTB11,Essential
ZBTB17,Essential
ZC3H18,Essential
ZC3H8,Essential
ZCCHC9,Essential
ZCRB1,Essential
ZFC3H1,Essential
ZFP69B,Essential
ZGRF1,Essential
ZMAT2,Essential
ZMAT5,Essential
ZMYND8,Essential
ZNF100,Essential
ZNF131,Essential
ZNF133,Essential
ZNF207,Essential
ZNF236,Essential
ZNF24,Essential
ZNF253,Essential
ZNF284,Essential
ZNF317,Essential
ZNF335,Essential
ZNF407,Essential
ZNF468,Essential
ZNF492,Essential
ZNF506,Essential
ZNF559,Essential
ZNF574,Essential
ZNF676,Essential
ZNF687,Essential
ZNF720,Essential
ZNF763,Essential
ZNF830,Essential
ZNHIT2,Essential
ZNHIT3,Essential
ZNHIT6,Essential
ZNRD1,Essential
ZPR1,Essential
ZRANB2,Essential
ZW10,Essential
ZWINT,Essential
